scheduler,num_seeds,completed_jobs_mean,completed_jobs_std,total_jobs_mean,total_jobs_std,completion_rate_mean,completion_rate_std,average_waiting_time_mean,average_waiting_time_std,median_waiting_time_mean,median_waiting_time_std,p50_waiting_time_mean,p50_waiting_time_std,p95_waiting_time_mean,p95_waiting_time_std,average_turnaround_time_mean,average_turnaround_time_std,median_jct_mean,median_jct_std,p50_turnaround_time_mean,p50_turnaround_time_std,p95_turnaround_time_mean,p95_turnaround_time_std,p95_jct_mean,p95_jct_std,throughput_jobs_per_time_mean,throughput_jobs_per_time_std,throughput_mean,throughput_std,gpu_utilization_mean,gpu_utilization_std,gpu_idle_time_mean,gpu_idle_time_std,gpu_idle_fraction_mean,gpu_idle_fraction_std,resource_allocation_efficiency_mean,resource_allocation_efficiency_std,rejected_jobs_mean,rejected_jobs_std,infeasible_jobs_mean,infeasible_jobs_std,scheduling_decisions_mean,scheduling_decisions_std,invalid_scheduling_attempts_mean,invalid_scheduling_attempts_std,jains_fairness_index_mean,jains_fairness_index_std,scenario
BestFit,2,15.0,0.0,15.0,0.0,1.0,0.0,86.14664253057015,5.612060998089312,52.09211842849138,14.484217730466447,52.09211842849138,14.484217730466447,313.1591370292533,48.07666462973336,177.66633478524167,3.2253633022417034,158.76125513395604,15.103895852249849,158.76125513395604,15.103895852249849,383.91017485982036,43.67848062253151,383.91017485982036,43.67848062253151,0.02768112186070993,0.000672598869909247,0.02768112186070993,0.000672598869909247,0.8041150647639407,0.008766709516634719,0.19588493523605932,0.008766709516634719,0.19588493523605932,0.008766709516634719,0.8041150647639407,0.008766709516634719,0.0,0.0,0.0,0.0,15.0,0.0,0.0,0.0,0.3915374122035611,0.06843736823840021,balanced
FCFS,2,15.0,0.0,15.0,0.0,1.0,0.0,97.73083788441394,0.1989137288875682,72.49184810247338,5.915511943515554,72.49184810247338,5.915511943515554,244.28231977908112,15.137769896497474,189.2505301390854,2.1877839669600405,190.97995161363647,17.114800627430583,190.97995161363647,17.114800627430583,329.7416306202001,30.40025990336821,329.7416306202001,30.40025990336821,0.028779723965021195,0.000781978445540633,0.028779723965021195,0.000781978445540633,0.8359964065123178,0.011517376054556883,0.1640035934876823,0.011517376054556883,0.1640035934876823,0.011517376054556883,0.8359964065123178,0.011517376054556883,0.0,0.0,0.0,0.0,15.0,0.0,0.0,0.0,0.5166847429835413,0.044243140511103896,balanced
Priority,2,15.0,0.0,15.0,0.0,1.0,0.0,99.90458551243115,5.251040983694452,105.12775455170456,26.720394505715625,105.12775455170456,26.720394505715625,267.17242534488236,29.5308530112071,191.42427776710264,2.864343287846836,197.5775061767816,10.517246064285445,197.5775061767816,10.517246064285445,342.9834933172642,35.145100149340664,342.9834933172642,35.145100149340664,0.02798192796491191,0.0005800393659574337,0.02798192796491191,0.0005800393659574337,0.8128921337320809,0.005959928099378509,0.1871078662679191,0.005959928099378509,0.1871078662679191,0.005959928099378509,0.8128921337320809,0.005959928099378509,0.0,0.0,0.0,0.0,15.0,0.0,0.0,0.0,0.5156466728404125,0.01670362723745833,balanced
SJF,2,15.0,0.0,15.0,0.0,1.0,0.0,84.18909702747246,7.569606501187003,63.84485540404432,2.7314807549135125,63.84485540404432,2.7314807549135125,240.45943080368883,24.623041595831154,175.70878928214398,5.182908805339395,170.99436434621833,2.870786639987557,170.99436434621833,2.870786639987557,334.4640179250731,5.767676312215741,334.4640179250731,5.767676312215741,0.02724739509558203,0.00023887210478134614,0.02724739509558203,0.00023887210478134614,0.7916804151551715,0.0036679400921344474,0.2083195848448285,0.0036679400921344474,0.2083195848448285,0.0036679400921344474,0.7916804151551715,0.0036679400921344474,0.0,0.0,0.0,0.0,15.0,0.0,0.0,0.0,0.4291082566325095,0.030866523809451735,balanced
BestFit,2,15.0,0.0,15.0,0.0,1.0,0.0,61.620939590275924,2.956555680943385,23.21257596668761,7.556378251075671,23.21257596668761,7.556378251075671,210.89785647188023,2.456024940459386,161.0717473833766,7.765524725006358,153.35659730776723,9.087299012999551,153.35659730776723,9.087299012999551,328.11176625582334,10.327768422522354,328.11176625582334,10.327768422522354,0.01854032549153675,0.0005349232777793339,0.01854032549153675,0.0005349232777793339,0.6563114228458136,0.04204124266902337,0.3436885771541864,0.04204124266902337,0.3436885771541864,0.04204124266902337,0.6563114228458136,0.04204124266902337,0.0,0.0,0.0,0.0,15.0,0.0,0.0,0.0,0.3628533220717177,0.04461170587673055,bursty
FCFS,2,15.0,0.0,15.0,0.0,1.0,0.0,61.56331867387974,2.2842056183969817,25.626460675743402,5.142493542019878,25.626460675743402,5.142493542019878,184.36869912497195,10.276579411421253,161.0141264669804,7.093174662459944,160.12462785459687,2.319268466169916,160.12462785459687,2.319268466169916,294.6771023154933,23.106895517807686,294.6771023154933,23.106895517807686,0.01860475324539261,0.0005993510316351942,0.01860475324539261,0.0005993510316351942,0.658386155838711,0.03996650967612597,0.341613844161289,0.03996650967612597,0.341613844161289,0.03996650967612597,0.658386155838711,0.03996650967612597,0.0,0.0,0.0,0.0,15.0,0.0,0.0,0.0,0.4220120722647684,0.009421781782644856,bursty
Priority,2,15.0,0.0,15.0,0.0,1.0,0.0,59.41905009448917,2.2831353574120143,19.48727993644559,11.281674281317692,19.48727993644559,11.281674281317692,200.6538098371852,11.61404418830071,158.86985788758983,7.092104401475012,153.35659730776723,9.087299012999551,153.35659730776723,9.087299012999551,330.50755559937335,4.423517150942985,330.50755559937335,4.423517150942985,0.018678231681696543,0.0002129025288874018,0.018678231681696543,0.0002129025288874018,0.6622662518053117,0.05392501570328928,0.3377337481946882,0.05392501570328928,0.3377337481946882,0.05392501570328928,0.6622662518053117,0.05392501570328928,0.0,0.0,0.0,0.0,15.0,0.0,0.0,0.0,0.36763970587552197,0.04872030137224745,bursty
SJF,2,15.0,0.0,15.0,0.0,1.0,0.0,60.183284680616865,1.5189007712843257,23.21257596668761,7.556378251075671,23.21257596668761,7.556378251075671,200.86626293970127,12.48761847263836,159.63409247371754,6.327869815347313,153.35659730776723,9.087299012999551,153.35659730776723,9.087299012999551,325.019485674863,13.420049003482688,325.019485674863,13.420049003482688,0.01839353615844689,0.0006817126108691948,0.01839353615844689,0.0006817126108691948,0.6506180914325269,0.036347911255736665,0.3493819085674731,0.036347911255736665,0.3493819085674731,0.036347911255736665,0.6506180914325269,0.036347911255736665,0.0,0.0,0.0,0.0,15.0,0.0,0.0,0.0,0.36698031057806024,0.04873869438307302,bursty
BestFit,2,15.0,0.0,15.0,0.0,1.0,0.0,1225.6104615446739,44.88381422324085,1251.4360187512677,85.37667350168203,1251.4360187512677,85.37667350168203,2550.0236208822644,38.26592982748821,1437.5898075858508,39.81208161956454,1510.5953319464938,8.30040200349913,1510.5953319464938,8.30040200349913,2717.869576272219,28.91978881218415,2717.869576272219,28.91978881218415,0.0048901008024449695,9.021566498645982e-05,0.0048901008024449695,9.021566498645982e-05,0.7920012602653647,0.007056805840472191,0.20799873973463534,0.007056805840472191,0.20799873973463534,0.007056805840472191,0.7920012602653647,0.007056805840472191,0.0,0.0,0.0,0.0,15.0,0.0,0.0,0.0,0.636772725916035,0.009615465011079682,gpu_heavy
FCFS,2,15.0,0.0,15.0,0.0,1.0,0.0,1267.1841356872942,8.606841117729573,1325.205766538937,46.89913032566972,1325.205766538937,46.89913032566972,2410.6352797871464,28.755297544912537,1479.1634817284707,13.678573721405769,1448.5463138394382,89.04082071521339,1448.5463138394382,89.04082071521339,2643.347954637139,88.9810304238049,2643.347954637139,88.9810304238049,0.0048901008024449695,9.021566498646025e-05,0.0048901008024449695,9.021566498646025e-05,0.7920012602653645,0.007056805840472247,0.2079987397346354,0.007056805840472247,0.2079987397346354,0.007056805840472247,0.7920012602653645,0.007056805840472247,0.0,0.0,0.0,0.0,15.0,0.0,0.0,0.0,0.698483138324979,0.005852018188257813,gpu_heavy
Priority,2,15.0,0.0,15.0,0.0,1.0,0.0,1278.0090390722646,107.72348862702802,1379.0474463572407,73.2260074091339,1379.0474463572407,73.2260074091339,2387.703267494407,19.115916156509684,1489.9883851134416,112.7952212307041,1608.4342725252818,221.41397666621754,1608.4342725252818,221.41397666621754,2575.6660382374257,24.539156425226565,2575.6660382374257,24.539156425226565,0.004908874043790347,0.00010898890633183724,0.004908874043790347,0.00010898890633183724,0.7950132997656801,0.01006884534078778,0.20498670023431986,0.01006884534078778,0.20498670023431986,0.01006884534078778,0.7950132997656801,0.01006884534078778,0.0,0.0,0.0,0.0,15.0,0.0,0.0,0.0,0.7078664972897839,0.046567634645922784,gpu_heavy
SJF,2,15.0,0.0,15.0,0.0,1.0,0.0,896.0587147576193,12.51330986451643,817.5743439970395,31.923394963843123,817.5743439970395,31.923394963843123,2258.781820728601,4.760794030561328,1108.0380607987963,17.585042468192682,995.3240984103884,19.655878240539266,995.3240984103884,19.655878240539266,2632.3279587746392,15.232426232608987,2632.3279587746392,15.232426232608987,0.0048901008024449695,9.021566498646025e-05,0.0048901008024449695,9.021566498646025e-05,0.7920012602653645,0.007056805840472247,0.2079987397346354,0.007056805840472247,0.2079987397346354,0.007056805840472247,0.7920012602653645,0.007056805840472247,0.0,0.0,0.0,0.0,15.0,0.0,0.0,0.0,0.5662336424135594,0.017503582799803352,gpu_heavy
BestFit,2,15.0,0.0,15.0,0.0,1.0,0.0,97.4805197094033,58.656276665150244,46.97369340141588,35.424249474595264,46.97369340141588,35.424249474595264,315.7218244041861,151.68919336763966,225.73796876576833,105.82883752319654,170.80979541720478,31.917096640233027,170.80979541720478,31.917096640233027,607.4391969929821,369.31598646072933,607.4391969929821,369.31598646072933,0.022794752443907534,0.012942056005557864,0.022794752443907534,0.012942056005557864,0.6574693584753522,0.10922186856380905,0.3425306415246479,0.10922186856380905,0.3425306415246479,0.10922186856380905,0.6574693584753522,0.10922186856380905,0.0,0.0,0.0,0.0,15.0,0.0,0.0,0.0,0.3572842144792995,0.043819467793966616,heavy_tail
FCFS,2,15.0,0.0,15.0,0.0,1.0,0.0,99.29771781169698,57.93463526223975,72.00229717239033,57.47895840178013,72.00229717239033,57.47895840178013,274.24292576537204,124.84395944479945,227.555166868062,105.10719612028603,166.93995735128823,42.68092329029035,166.93995735128823,42.68092329029035,500.6205884830371,269.2500164569066,500.6205884830371,269.2500164569066,0.023366318747568563,0.013661426167913717,0.023366318747568563,0.013661426167913717,0.6672048915249328,0.12718186027155698,0.3327951084750672,0.12718186027155698,0.3327951084750672,0.12718186027155698,0.6672048915249328,0.12718186027155698,0.0,0.0,0.0,0.0,15.0,0.0,0.0,0.0,0.4709790023941355,0.10068137159438059,heavy_tail
Priority,2,15.0,0.0,15.0,0.0,1.0,0.0,117.2334454712315,71.59508543481381,88.24832781991577,72.9118700222964,88.24832781991577,72.9118700222964,286.49408506163866,126.62000576242369,245.49089452759657,118.76764629286014,225.8985504566681,100.82639736866103,225.8985504566681,100.82639736866103,510.9060934074306,261.5266995972029,510.9060934074306,261.5266995972029,0.023415239057314567,0.013538332737751195,0.023415239057314567,0.013538332737751195,0.6711950445792926,0.12160041008763167,0.3288049554207074,0.12160041008763167,0.3288049554207074,0.12160041008763167,0.6711950445792926,0.12160041008763167,0.0,0.0,0.0,0.0,15.0,0.0,0.0,0.0,0.44475951025665783,0.1286433876236206,heavy_tail
SJF,2,15.0,0.0,15.0,0.0,1.0,0.0,93.50772277032577,54.90031146660849,45.50153369176667,33.95208976494605,45.50153369176667,33.95208976494605,303.72212168425256,140.50260967471533,221.76517182669082,102.07287232465482,170.4032359037002,32.323656153737616,170.4032359037002,32.323656153737616,602.6799718563591,364.8006970322091,602.6799718563591,364.8006970322091,0.022755532706462196,0.01305064012680735,0.022755532706462196,0.01305064012680735,0.6541011948146789,0.11407816356130313,0.34589880518532107,0.11407816356130313,0.34589880518532107,0.11407816356130313,0.6541011948146789,0.11407816356130313,0.0,0.0,0.0,0.0,15.0,0.0,0.0,0.0,0.3574611684989548,0.04486293419852025,heavy_tail
BestFit,2,15.0,0.0,15.0,0.0,1.0,0.0,115.74808155550451,5.023876380379932,48.277281215542786,9.662272140551732,48.277281215542786,9.662272140551732,351.9430771330419,57.157585442871635,215.03508462789569,13.062525542546865,174.3543477938464,20.868775822169866,174.3543477938464,20.868775822169866,482.9419373503208,79.00781253273126,482.9419373503208,79.00781253273126,0.022899394407314547,0.003442828954952187,0.022899394407314547,0.003442828954952187,0.8217848216060818,0.0022701958667199484,0.1782151783939182,0.0022701958667199484,0.1782151783939182,0.0022701958667199484,0.8217848216060818,0.0022701958667199484,0.0,0.0,0.0,0.0,15.0,0.0,0.0,0.0,0.42095823977148455,0.028662213848965445,priority_skew
FCFS,2,15.0,0.0,15.0,0.0,1.0,0.0,136.4693133746854,3.8568246991595743,120.6902775112778,19.476703681473317,120.6902775112778,19.476703681473317,332.1083563648124,76.53759737611989,235.7563164470766,11.895473861326508,220.58796240412,32.05549729308767,220.58796240412,32.05549729308767,433.1178872189946,106.84582371810743,433.1178872189946,106.84582371810743,0.023284639438381396,0.0027867706072210643,0.023284639438381396,0.0027867706072210643,0.8396237371073099,0.028534196479376717,0.16037626289269014,0.028534196479376717,0.16037626289269014,0.028534196479376717,0.8396237371073099,0.028534196479376717,0.0,0.0,0.0,0.0,15.0,0.0,0.0,0.0,0.5652421991323191,0.10973044420455663,priority_skew
Priority,2,15.0,0.0,15.0,0.0,1.0,0.0,127.61753364889233,10.577193365501664,69.23718035306636,17.49641534459836,69.23718035306636,17.49641534459836,357.3136192734977,95.26810091189324,226.9045367212835,18.615842527668576,222.42932064072977,13.23795112453621,222.42932064072977,13.23795112453621,450.2220220960469,91.56659734853793,450.2220220960469,91.56659734853793,0.023510290502264997,0.0037473747730508208,0.023510290502264997,0.0037473747730508208,0.8425121745917137,0.005482129056429863,0.15748782540828632,0.005482129056429863,0.15748782540828632,0.005482129056429863,0.8425121745917137,0.005482129056429863,0.0,0.0,0.0,0.0,15.0,0.0,0.0,0.0,0.497672904427735,0.0805242666173957,priority_skew
SJF,2,15.0,0.0,15.0,0.0,1.0,0.0,116.09933656491879,4.6726213709656506,48.277281215542786,9.662272140551732,48.277281215542786,9.662272140551732,353.2602834183456,55.84037915756804,215.38633963731,12.711270533132563,175.67155407914998,22.185982107473464,175.67155407914998,22.185982107473464,483.33709923591186,78.61265064714019,483.33709923591186,78.61265064714019,0.02283873993952057,0.003382174487158206,0.02283873993952057,0.003382174487158206,0.8198978425614502,0.004157174911351591,0.18010215743854985,0.004157174911351591,0.18010215743854985,0.004157174911351591,0.8198978425614502,0.004157174911351591,0.0,0.0,0.0,0.0,15.0,0.0,0.0,0.0,0.42146120269517107,0.029165176772651985,priority_skew
BestFit,2,15.0,0.0,15.0,0.0,1.0,0.0,2.329028155468883,1.2753353065117736,0.0,0.0,0.0,0.0,10.390358424632012,4.669496155838729,27.443941602095244,0.604076579554631,28.4039181854363,0.4450243724217593,28.4039181854363,0.4450243724217593,51.870670129462454,1.668493334629325,51.870670129462454,1.668493334629325,0.11789057603325806,0.000597294205693398,0.11789057603325806,0.000597294205693398,0.5405947667597267,0.002064986327182994,0.45940523324027327,0.002064986327182994,0.45940523324027327,0.002064986327182994,0.5405947667597267,0.002064986327182994,0.0,0.0,0.0,0.0,15.0,0.0,0.0,0.0,0.1856855600657384,0.04357088769099343,short_jobs
FCFS,2,15.0,0.0,15.0,0.0,1.0,0.0,2.329028155468883,1.2753353065117736,0.0,0.0,0.0,0.0,10.991299589401898,4.399785242595526,27.443941602095247,0.6040765795546328,27.94148292222343,1.269170559398077,27.94148292222343,1.269170559398077,50.681751322931696,0.1734145304112502,50.681751322931696,0.1734145304112502,0.12302847840191108,0.0057351965743464225,0.12302847840191108,0.0057351965743464225,0.5639466375368332,0.021286884449923493,0.4360533624631668,0.021286884449923493,0.4360533624631668,0.021286884449923493,0.5639466375368332,0.021286884449923493,0.0,0.0,0.0,0.0,15.0,0.0,0.0,0.0,0.2288480051875179,0.06354278068422049,short_jobs
Priority,2,15.0,0.0,15.0,0.0,1.0,0.0,3.054336394876467,2.000643545919357,0.0,0.0,0.0,0.0,16.891795325580315,10.300280978773944,28.16924984150283,1.3293848189622146,29.218229116809024,2.545916753983672,29.218229116809024,2.545916753983672,48.091154644418665,2.764011208924277,48.091154644418665,2.764011208924277,0.12445981647180271,0.007166534644238047,0.12445981647180271,0.007166534644238047,0.5704520981797581,0.027792345092848336,0.42954790182024194,0.027792345092848336,0.42954790182024194,0.027792345092848336,0.5704520981797581,0.027792345092848336,0.0,0.0,0.0,0.0,15.0,0.0,0.0,0.0,0.19709633877899307,0.031791114275695684,short_jobs
SJF,2,15.0,0.0,15.0,0.0,1.0,0.0,2.329028155468883,1.2753353065117736,0.0,0.0,0.0,0.0,10.825684463638556,4.2341701168321855,27.443941602095244,0.604076579554631,27.315603087919946,0.6432907250945945,27.315603087919946,0.6432907250945945,52.19716465871736,1.3419988053744163,52.19716465871736,1.3419988053744163,0.11789057603325806,0.000597294205693398,0.11789057603325806,0.000597294205693398,0.5405947667597267,0.002064986327182994,0.45940523324027327,0.002064986327182994,0.45940523324027327,0.002064986327182994,0.5405947667597267,0.002064986327182994,0.0,0.0,0.0,0.0,15.0,0.0,0.0,0.0,0.19728083613001463,0.03197561162671721,short_jobs
