timestep,mean_reward,mean_ep_length,policy_loss,value_loss,entropy,approx_kl,clip_fraction,explained_variance,learning_rate,fps,elapsed
2048,0.0,0.0,0.0,0.0,0.0,0.0,0.0,0.0,0.0003,0,3.158068895339966
4096,0.0,0.0,0.0,0.0,0.0,0.0,0.0,0.0,0.0003,0,5.552398681640625
6144,0.0,0.0,0.0,0.0,0.0,0.0,0.0,0.0,0.0003,0,7.991971969604492
8192,0.0,0.0,0.0,0.0,0.0,0.0,0.0,0.0,0.0003,0,10.427956104278564
10240,0.0,0.0,0.0,0.0,0.0,0.0,0.0,0.0,0.0003,0,12.895946264266968
12288,0.0,0.0,0.0,0.0,0.0,0.0,0.0,0.0,0.0003,0,15.231764793395996
14336,0.0,0.0,0.0,0.0,0.0,0.0,0.0,0.0,0.0003,0,17.491726398468018
16384,0.0,0.0,0.0,0.0,0.0,0.0,0.0,0.0,0.0003,0,19.68319582939148
18432,0.0,0.0,0.0,0.0,0.0,0.0,0.0,0.0,0.0003,0,21.79422688484192
20480,0.0,0.0,0.0,0.0,0.0,0.0,0.0,0.0,0.0003,0,23.89664459228516
22528,0.0,0.0,0.0,0.0,0.0,0.0,0.0,0.0,0.0003,0,26.08826160430908
24576,-100533.66807900369,295.0,0.0,0.0,0.0,0.0,0.0,0.0,0.0003,0,28.14207601547241
26624,0.0,0.0,0.0,0.0,0.0,0.0,0.0,0.0,0.0003,0,32.11169385910034
28672,0.0,0.0,0.0,0.0,0.0,0.0,0.0,0.0,0.0003,0,34.17746329307556
30720,0.0,0.0,0.0,0.0,0.0,0.0,0.0,0.0,0.0003,0,36.2583692073822
32768,0.0,0.0,0.0,0.0,0.0,0.0,0.0,0.0,0.0003,0,38.6957323551178
34816,0.0,0.0,0.0,0.0,0.0,0.0,0.0,0.0,0.0003,0,40.82479572296143
36864,0.0,0.0,0.0,0.0,0.0,0.0,0.0,0.0,0.0003,0,43.23563480377197
38912,0.0,0.0,0.0,0.0,0.0,0.0,0.0,0.0,0.0003,0,45.36780381202698
40960,0.0,0.0,0.0,0.0,0.0,0.0,0.0,0.0,0.0003,0,47.71145009994507
43008,0.0,0.0,0.0,0.0,0.0,0.0,0.0,0.0,0.0003,0,49.871968030929565
45056,0.0,0.0,0.0,0.0,0.0,0.0,0.0,0.0,0.0003,0,52.012550592422485
47104,0.0,0.0,0.0,0.0,0.0,0.0,0.0,0.0,0.0003,0,54.18412637710571
49152,-106578.75895400345,295.0,0.0,0.0,0.0,0.0,0.0,0.0,0.0003,0,56.36670207977295
51200,0.0,0.0,0.0,0.0,0.0,0.0,0.0,0.0,0.0003,0,60.68644309043884
53248,0.0,0.0,0.0,0.0,0.0,0.0,0.0,0.0,0.0003,0,62.84404182434082
55296,0.0,0.0,0.0,0.0,0.0,0.0,0.0,0.0,0.0003,0,65.15611791610718
57344,0.0,0.0,0.0,0.0,0.0,0.0,0.0,0.0,0.0003,0,67.35613512992859
59392,0.0,0.0,0.0,0.0,0.0,0.0,0.0,0.0,0.0003,0,69.62249255180359
61440,0.0,0.0,0.0,0.0,0.0,0.0,0.0,0.0,0.0003,0,71.94874477386475
63488,0.0,0.0,0.0,0.0,0.0,0.0,0.0,0.0,0.0003,0,74.29401302337646
65536,0.0,0.0,0.0,0.0,0.0,0.0,0.0,0.0,0.0003,0,76.71794557571411
67584,0.0,0.0,0.0,0.0,0.0,0.0,0.0,0.0,0.0003,0,79.05700731277466
69632,0.0,0.0,0.0,0.0,0.0,0.0,0.0,0.0,0.0003,0,81.30511021614075
71680,0.0,0.0,0.0,0.0,0.0,0.0,0.0,0.0,0.0003,0,83.50251865386963
73728,0.0,0.0,0.0,0.0,0.0,0.0,0.0,0.0,0.0003,0,85.76483607292175
75776,-94773.14584720135,295.0,0.0,0.0,0.0,0.0,0.0,0.0,0.0003,0,90.03396415710449
77824,0.0,0.0,0.0,0.0,0.0,0.0,0.0,0.0,0.0003,0,92.25589323043825
79872,0.0,0.0,0.0,0.0,0.0,0.0,0.0,0.0,0.0003,0,94.43429231643675
81920,0.0,0.0,0.0,0.0,0.0,0.0,0.0,0.0,0.0003,0,96.69848203659058
83968,0.0,0.0,0.0,0.0,0.0,0.0,0.0,0.0,0.0003,0,98.91556859016418
86016,0.0,0.0,0.0,0.0,0.0,0.0,0.0,0.0,0.0003,0,101.1856381893158
88064,0.0,0.0,0.0,0.0,0.0,0.0,0.0,0.0,0.0003,0,103.72207999229433
90112,0.0,0.0,0.0,0.0,0.0,0.0,0.0,0.0,0.0003,0,106.18340849876404
92160,0.0,0.0,0.0,0.0,0.0,0.0,0.0,0.0,0.0003,0,108.56676363945007
94208,0.0,0.0,0.0,0.0,0.0,0.0,0.0,0.0,0.0003,0,111.03367733955383
96256,0.0,0.0,0.0,0.0,0.0,0.0,0.0,0.0,0.0003,0,113.47484278678894
98304,0.0,0.0,0.0,0.0,0.0,0.0,0.0,0.0,0.0003,0,115.86463332176208
100352,-96660.28612554073,295.0,0.0,0.0,0.0,0.0,0.0,0.0,0.0003,0,121.2739577293396
102400,0.0,0.0,0.0,0.0,0.0,0.0,0.0,0.0,0.0003,0,123.84478187561037
104448,0.0,0.0,0.0,0.0,0.0,0.0,0.0,0.0,0.0003,0,126.33610272407532
106496,0.0,0.0,0.0,0.0,0.0,0.0,0.0,0.0,0.0003,0,128.76066184043884
108544,0.0,0.0,0.0,0.0,0.0,0.0,0.0,0.0,0.0003,0,131.27983474731445
110592,0.0,0.0,0.0,0.0,0.0,0.0,0.0,0.0,0.0003,0,133.7305407524109
112640,0.0,0.0,0.0,0.0,0.0,0.0,0.0,0.0,0.0003,0,136.20566058158877
114688,0.0,0.0,0.0,0.0,0.0,0.0,0.0,0.0,0.0003,0,138.70877242088318
116736,0.0,0.0,0.0,0.0,0.0,0.0,0.0,0.0,0.0003,0,141.19249510765076
118784,0.0,0.0,0.0,0.0,0.0,0.0,0.0,0.0,0.0003,0,143.61573767662048
120832,0.0,0.0,0.0,0.0,0.0,0.0,0.0,0.0,0.0003,0,146.08447241783142
122880,0.0,0.0,0.0,0.0,0.0,0.0,0.0,0.0,0.0003,0,148.56065797805786
124928,-91120.38351094723,295.0,0.0,0.0,0.0,0.0,0.0,0.0,0.0003,0,151.02405381202698
126976,0.0,0.0,0.0,0.0,0.0,0.0,0.0,0.0,0.0003,0,156.3035204410553
129024,0.0,0.0,0.0,0.0,0.0,0.0,0.0,0.0,0.0003,0,158.95983505249023
131072,0.0,0.0,0.0,0.0,0.0,0.0,0.0,0.0,0.0003,0,161.51883625984192
133120,0.0,0.0,0.0,0.0,0.0,0.0,0.0,0.0,0.0003,0,164.0385777950287
135168,0.0,0.0,0.0,0.0,0.0,0.0,0.0,0.0,0.0003,0,166.4214732646942
137216,0.0,0.0,0.0,0.0,0.0,0.0,0.0,0.0,0.0003,0,168.67152404785156
139264,0.0,0.0,0.0,0.0,0.0,0.0,0.0,0.0,0.0003,0,171.07032179832458
141312,0.0,0.0,0.0,0.0,0.0,0.0,0.0,0.0,0.0003,0,173.3255500793457
143360,0.0,0.0,0.0,0.0,0.0,0.0,0.0,0.0,0.0003,0,175.5561165809631
145408,0.0,0.0,0.0,0.0,0.0,0.0,0.0,0.0,0.0003,0,177.78379464149475
147456,0.0,0.0,0.0,0.0,0.0,0.0,0.0,0.0,0.0003,0,180.04556131362915
149504,-87060.94024312496,295.0,0.0,0.0,0.0,0.0,0.0,0.0,0.0003,0,182.30534768104556
151552,0.0,0.0,0.0,0.0,0.0,0.0,0.0,0.0,0.0003,0,186.5169599056244
153600,0.0,0.0,0.0,0.0,0.0,0.0,0.0,0.0,0.0003,0,188.7178950309753
155648,0.0,0.0,0.0,0.0,0.0,0.0,0.0,0.0,0.0003,0,190.9130654335022
157696,0.0,0.0,0.0,0.0,0.0,0.0,0.0,0.0,0.0003,0,193.17134928703308
159744,0.0,0.0,0.0,0.0,0.0,0.0,0.0,0.0,0.0003,0,195.3524875640869
161792,0.0,0.0,0.0,0.0,0.0,0.0,0.0,0.0,0.0003,0,197.5151343345642
163840,0.0,0.0,0.0,0.0,0.0,0.0,0.0,0.0,0.0003,0,199.75947093963623
165888,0.0,0.0,0.0,0.0,0.0,0.0,0.0,0.0,0.0003,0,201.96810626983645
167936,0.0,0.0,0.0,0.0,0.0,0.0,0.0,0.0,0.0003,0,204.20522904396057
169984,0.0,0.0,0.0,0.0,0.0,0.0,0.0,0.0,0.0003,0,206.3916597366333
172032,0.0,0.0,0.0,0.0,0.0,0.0,0.0,0.0,0.0003,0,208.6489520072937
174080,-90256.6576217413,295.0,0.0,0.0,0.0,0.0,0.0,0.0,0.0003,0,210.88690876960757
176128,0.0,0.0,0.0,0.0,0.0,0.0,0.0,0.0,0.0003,0,215.0729501247406
178176,0.0,0.0,0.0,0.0,0.0,0.0,0.0,0.0,0.0003,0,217.30336260795596
180224,0.0,0.0,0.0,0.0,0.0,0.0,0.0,0.0,0.0003,0,219.55719804763797
182272,0.0,0.0,0.0,0.0,0.0,0.0,0.0,0.0,0.0003,0,221.800496339798
184320,0.0,0.0,0.0,0.0,0.0,0.0,0.0,0.0,0.0003,0,224.03873372077945
186368,0.0,0.0,0.0,0.0,0.0,0.0,0.0,0.0,0.0003,0,226.25769472122192
188416,0.0,0.0,0.0,0.0,0.0,0.0,0.0,0.0,0.0003,0,228.46518802642825
190464,0.0,0.0,0.0,0.0,0.0,0.0,0.0,0.0,0.0003,0,230.72143864631653
192512,0.0,0.0,0.0,0.0,0.0,0.0,0.0,0.0,0.0003,0,232.932181596756
194560,0.0,0.0,0.0,0.0,0.0,0.0,0.0,0.0,0.0003,0,235.15057039260864
196608,0.0,0.0,0.0,0.0,0.0,0.0,0.0,0.0,0.0003,0,237.4275152683258
198656,0.0,0.0,0.0,0.0,0.0,0.0,0.0,0.0,0.0003,0,239.6328489780426
200704,-87741.26079718769,295.0,0.0,0.0,0.0,0.0,0.0,0.0,0.0003,0,244.22044038772583
202752,0.0,0.0,0.0,0.0,0.0,0.0,0.0,0.0,0.0003,0,246.42071557044983
204800,0.0,0.0,0.0,0.0,0.0,0.0,0.0,0.0,0.0003,0,248.7179849147797
206848,0.0,0.0,0.0,0.0,0.0,0.0,0.0,0.0,0.0003,0,251.27036023139956
208896,0.0,0.0,0.0,0.0,0.0,0.0,0.0,0.0,0.0003,0,253.7768623828888
210944,0.0,0.0,0.0,0.0,0.0,0.0,0.0,0.0,0.0003,0,256.1457064151764
212992,0.0,0.0,0.0,0.0,0.0,0.0,0.0,0.0,0.0003,0,258.4192101955414
215040,0.0,0.0,0.0,0.0,0.0,0.0,0.0,0.0,0.0003,0,260.8873279094696
217088,0.0,0.0,0.0,0.0,0.0,0.0,0.0,0.0,0.0003,0,263.39259243011475
219136,0.0,0.0,0.0,0.0,0.0,0.0,0.0,0.0,0.0003,0,265.80828857421875
221184,0.0,0.0,0.0,0.0,0.0,0.0,0.0,0.0,0.0003,0,268.60580611228943
223232,0.0,0.0,0.0,0.0,0.0,0.0,0.0,0.0,0.0003,0,271.2661647796631
225280,-89126.07079923153,295.0,0.0,0.0,0.0,0.0,0.0,0.0,0.0003,0,275.91994166374207
227328,0.0,0.0,0.0,0.0,0.0,0.0,0.0,0.0,0.0003,0,278.159232378006
229376,0.0,0.0,0.0,0.0,0.0,0.0,0.0,0.0,0.0003,0,280.3634202480316
231424,0.0,0.0,0.0,0.0,0.0,0.0,0.0,0.0,0.0003,0,282.6370341777801
233472,0.0,0.0,0.0,0.0,0.0,0.0,0.0,0.0,0.0003,0,284.8990173339844
235520,0.0,0.0,0.0,0.0,0.0,0.0,0.0,0.0,0.0003,0,287.0658721923828
237568,0.0,0.0,0.0,0.0,0.0,0.0,0.0,0.0,0.0003,0,289.30971574783325
239616,0.0,0.0,0.0,0.0,0.0,0.0,0.0,0.0,0.0003,0,291.4996514320373
241664,0.0,0.0,0.0,0.0,0.0,0.0,0.0,0.0,0.0003,0,293.72827434539795
243712,0.0,0.0,0.0,0.0,0.0,0.0,0.0,0.0,0.0003,0,295.92970728874207
245760,0.0,0.0,0.0,0.0,0.0,0.0,0.0,0.0,0.0003,0,298.1977698802948
247808,0.0,0.0,0.0,0.0,0.0,0.0,0.0,0.0,0.0003,0,300.4376859664917
249856,-93454.71788823605,295.0,0.0,0.0,0.0,0.0,0.0,0.0,0.0003,0,302.77640676498413
251904,0.0,0.0,0.0,0.0,0.0,0.0,0.0,0.0,0.0003,0,307.2278003692627
